left_pr, right_pr
111, 407
138, 386
88, 340
105, 340
62, 340
140, 399
86, 340
140, 358
62, 340
48, 340
119, 340
105, 393
70, 340
115, 340
113, 340
140, 357
55, 340
138, 400
95, 362
85, 348
117, 367
91, 342
111, 342
116, 340
54, 340
62, 357
47, 340
50, 340
68, 342
114, 358
121, 340
84, 340
136, 414
130, 340
113, 366
83, 369
70, 363
117, 340
63, 340
63, 361
79, 354
94, 340
96, 340
45, 340
80, 340
50, 340
103, 340
141, 412
100, 391
123, 404
120, 340
43, 340
44, 340
126, 340
52, 340
134, 340
105, 363
111, 361
137, 346
110, 373
42, 340
114, 340
91, 373
67, 340
74, 342
120, 383
132, 408
121, 366
49, 340
43, 340
46, 340
127, 340
50, 340
99, 349
62, 340
57, 340
138, 383
118, 340
97, 340
98, 340
116, 340
119, 362
75, 340
141, 398
83, 340
120, 342
135, 395
128, 351
136, 381
84, 372
116, 340
126, 355
72, 340
141, 404
71, 340
119, 366
102, 366
103, 342
113, 340
140, 382
43, 340
93, 342
138, 340
114, 405
70, 340
141, 396
100, 340
49, 342
140, 378
85, 340
140, 340
64, 340
140, 398
130, 340
83, 342
55, 353
129, 379
60, 340
89, 340
70, 340
129, 375
130, 404
97, 340
122, 363
138, 403
133, 420
82, 347
52, 340
140, 342
86, 340
133, 416
133, 388
138, 348
118, 363
110, 409
140, 349
94, 340
51, 342
75, 340
112, 340
106, 395
103, 347
97, 340
126, 343
80, 344
74, 342
133, 398
55, 340
140, 432
134, 345
79, 340
67, 340
68, 340
93, 360
138, 347
134, 340
131, 340
113, 342
98, 368
69, 340
137, 381
121, 361
80, 367
131, 415
135, 342
94, 352
134, 340
129, 381
83, 340
74, 340
96, 371
109, 340
101, 365
63, 346
138, 340
78, 340
60, 340
95, 340
112, 345
90, 342
138, 340
58, 340
50, 340
55, 340
105, 356
73, 340
93, 388
47, 340
125, 340
116, 384
97, 373
57, 340
118, 340
140, 340
87, 347
135, 411
77, 375
125, 340
88, 353
138, 340
110, 378
134, 420
138, 340
86, 373
42, 340
67, 340
137, 340
116, 395
75, 340
140, 340
108, 340
137, 384
134, 399
141, 340
132, 342
54, 340
138, 383
136, 355
138, 379
75, 340
140, 340
93, 340
132, 340
101, 340
107, 388
137, 340
74, 340
55, 340
58, 342
113, 350
138, 419
106, 404
95, 340
118, 393
58, 340
52, 340
93, 374
140, 340
97, 363
124, 364
50, 340
105, 360
138, 340
136, 359
132, 428
130, 345
82, 340
140, 340
68, 342
84, 340
80, 340
129, 397
140, 340
117, 388
70, 361
78, 340
82, 340
127, 340
131, 355
121, 371
126, 368
70, 340
89, 340
70, 340
117, 340
75, 360
140, 343
124, 361
141, 432
57, 340
138, 430
108, 346
101, 356
140, 340
74, 346
44, 340
140, 383
141, 342
136, 340
126, 357
55, 340
54, 340
138, 426
83, 340
140, 426
137, 403
136, 401
74, 340
107, 375
83, 355
113, 394
67, 340
128, 340
95, 340
140, 349
125, 340
54, 340
52, 340
58, 340
141, 369
133, 429
136, 398
124, 405
91, 342
70, 340
50, 340
138, 406
138, 397
123, 391
52, 340
70, 365
121, 391
129, 384
82, 349
57, 340
75, 340
131, 347
71, 340
62, 351
110, 386
85, 342
135, 346
136, 340
97, 348
73, 340
115, 340
43, 340
111, 340
66, 361
43, 340
88, 376
138, 385
140, 385
118, 340
140, 358
90, 340
55, 340
91, 340
138, 405
87, 367
140, 349
43, 340
78, 340
78, 340
117, 406
56, 340
118, 353
83, 340
106, 389
140, 439
78, 340
74, 345
141, 439
140, 390
141, 407
63, 340
117, 384
104, 348
96, 340
138, 400
69, 355
122, 417
83, 375
138, 355
135, 340
80, 340
140, 388
101, 340
58, 340
138, 421
51, 340
121, 340
121, 407
89, 360
58, 354
114, 340
136, 388
55, 340
140, 381
84, 344
127, 340
94, 340
106, 402
49, 340
138, 342
137, 383
61, 357
138, 402
138, 401
140, 340
138, 340
120, 340
61, 340
124, 340
67, 340
109, 342
135, 398
110, 408
79, 346
140, 423
42, 340
52, 343
140, 346
136, 359
138, 340
108, 350
91, 364
92, 340
119, 377
82, 347
71, 340
102, 375
42, 340
98, 340
61, 358
65, 340
131, 384
43, 340
56, 340
98, 368
54, 340
46, 340
129, 421
129, 403
115, 363
92, 340
140, 340
113, 404
138, 359
69, 361
111, 366
101, 365
122, 340
134, 415
140, 430
140, 340
141, 340
102, 357
130, 371
68, 340
87, 375
46, 340
130, 402
138, 428
74, 340
140, 369
84, 345
70, 340
134, 394
110, 405
117, 343
103, 394
127, 376
127, 352
60, 340
106, 340
74, 340
128, 384
140, 432
100, 363
136, 371
138, 386
45, 340
70, 340
138, 432
124, 415
61, 342
136, 413
128, 340
112, 373
106, 375
123, 422
67, 340
58, 340
138, 342
113, 403
121, 347
130, 340
136, 382
87, 356
91, 381
120, 411
135, 340
88, 344
96, 368
122, 382
114, 385
66, 350
56, 340
51, 340
103, 353
41, 340
68, 342
83, 340
113, 366
138, 433
73, 340
94, 340
95, 363
128, 417
56, 342
133, 401
128, 366
121, 340
65, 364
118, 340
138, 396
94, 362
49, 340
43, 340
71, 367
76, 340
104, 348
57, 340
43, 342
141, 382
137, 340
141, 340
138, 340
140, 340
95, 340
85, 376
113, 340
71, 340
76, 340
108, 340
137, 379
128, 345
65, 349
82, 340
44, 340
56, 340
134, 342
96, 388
56, 340
124, 397
140, 342
134, 412
67, 340
52, 349
45, 342
136, 340
121, 342
135, 351
134, 380
138, 386
62, 340
138, 422
61, 340
57, 342
83, 372
65, 348
140, 340
47, 340
135, 432
99, 394
140, 425
101, 380
140, 416
106, 340
43, 340
53, 340
121, 340
122, 340
43, 340
54, 347
138, 432
131, 409
141, 340
92, 358
54, 346
99, 348
119, 381
118, 340
62, 340
65, 340
140, 347
95, 372
132, 428
63, 340
132, 359
77, 370
95, 340
134, 343
85, 378
51, 340
82, 379
83, 340
126, 340
58, 340
140, 340
136, 347
64, 340
140, 439
101, 340
135, 354
113, 340
134, 340
137, 340
117, 340
105, 340
85, 348
69, 358
94, 340
92, 391
108, 348
127, 340
138, 347
134, 397
138, 340
138, 342
78, 340
140, 422
124, 340
138, 390
76, 340
108, 390
120, 374
137, 366
131, 340
126, 381
108, 340
128, 427
137, 340
137, 407
56, 350
109, 340
105, 367
140, 383
138, 348
123, 366
61, 340
48, 340
126, 340
53, 351
102, 342
85, 340
134, 405
125, 406
59, 340
67, 340
136, 365
138, 340
61, 340
44, 340
77, 357
140, 361
70, 348
136, 348
135, 389
130, 356
135, 354
117, 414
99, 340
56, 340
54, 340
85, 347
136, 342
82, 340
99, 388
125, 399
132, 354
44, 340
110, 342
92, 340
133, 343
62, 359
127, 340
58, 348
48, 340
123, 409
68, 357
90, 368
138, 340
128, 403
114, 340
99, 389
138, 346
69, 340
94, 340
140, 353
104, 387
74, 354
141, 379
128, 385
126, 406
120, 387
72, 340
119, 369
91, 342
63, 362
130, 340
109, 340
141, 351
134, 360
140, 350
100, 344
141, 344
138, 388
69, 340
41, 340
81, 344
140, 355
133, 421
91, 340
57, 340
99, 340
76, 340
133, 431
130, 363
140, 393
60, 342
132, 340
51, 340
138, 391
105, 390
140, 381
125, 361
96, 386
78, 340
76, 364
132, 373
140, 401
116, 340
54, 340
140, 340
73, 342
64, 353
137, 389
133, 396
138, 407
138, 340
53, 340
64, 340
112, 340
45, 340
52, 340
89, 344
60, 340
110, 340
84, 381
138, 370
73, 340
52, 340
91, 340
120, 340
140, 363
135, 380
97, 342
100, 342
133, 420
93, 358
97, 374
74, 358
126, 381
81, 340
118, 399
138, 428
124, 388
140, 431
69, 352
134, 347
71, 340
120, 388
112, 391
88, 354
104, 340
64, 340
131, 356
45, 340
118, 346
122, 340
140, 387
98, 370
61, 340
136, 391
119, 365
140, 340
141, 383
81, 369
72, 340
108, 389
116, 340
92, 366
136, 340
102, 360
71, 340
117, 386
131, 429
118, 405
69, 340
140, 340
82, 343
106, 351
79, 374
137, 358
140, 340
54, 342
117, 340
118, 340
140, 411
113, 348
93, 392
141, 342
136, 351
95, 373
104, 340
62, 342
127, 340
104, 340
136, 354
140, 363
100, 371
44, 342
125, 340
87, 340
134, 406
52, 340
117, 340
140, 340
90, 342
71, 358
79, 344
134, 340
52, 340
127, 421
115, 374
102, 345
135, 423
54, 340
100, 340
140, 380
140, 430
87, 340
85, 347
45, 340
85, 342
92, 367
62, 340
84, 340
136, 356
53, 340
73, 372
96, 340
110, 340
50, 340
79, 348
137, 425
141, 363
140, 348
115, 359
110, 340
138, 340
117, 340
140, 419
140, 356
88, 340
140, 360
42, 340
135, 429
141, 438
76, 340
108, 359
138, 434
49, 340
137, 340
113, 340
138, 420
52, 340
55, 351
55, 340
74, 340
119, 396
79, 340
87, 342
134, 424
127, 340
137, 353
92, 365
92, 367
140, 340
138, 366
52, 340
94, 340
79, 340
138, 369
47, 340
42, 340
136, 372
78, 347
136, 384
45, 340
120, 340
119, 340
140, 420
130, 340
105, 356
56, 342
107, 365
99, 391
61, 340
140, 398
41, 340
111, 392
114, 344
44, 340
73, 353
131, 427
97, 340
140, 359
140, 434
141, 360
124, 351
55, 340
54, 340
52, 340
92, 340
85, 340
134, 422
42, 340
80, 376
140, 340
138, 378
131, 340
137, 424
133, 411
117, 345
114, 388
50, 340
141, 432
58, 340
130, 347
87, 363
130, 395
138, 347
128, 340
132, 374
133, 340
136, 340
126, 340
100, 370
106, 358
138, 340
141, 434
64, 340
112, 340
61, 340
118, 394
109, 388
138, 428
135, 346
107, 340
137, 344
92, 340
117, 369
73, 342
133, 398
106, 397
68, 352
141, 400
63, 342
141, 372
120, 340
108, 340
137, 340
122, 409
109, 359
140, 340
76, 340
51, 340
73, 347
120, 344
136, 413
130, 344
138, 354
108, 375
64, 340
108, 394
111, 340
94, 360
79, 344
90, 380
60, 340
140, 364
141, 404
61, 340
87, 340
94, 353
111, 340
110, 346
141, 417
80, 342
75, 342
135, 385
75, 340
95, 340
113, 349
69, 340
88, 340
140, 426
